{
	"name" 				: "TestBox",
	"version"			: "2.0.0",
	"author" 			: "Ortus Solutions <info@ortussolutions.com>",
	"slug"				: "testbox",
	"type"				: "testing",
	"packageDirectory"	: "testbox",
	"keywords"			: "testing,xunit,bdd,testbox,mxunit,tdd",
	"homepage"			: "http://www.coldbox.org",
	"documentation"		: "http://wiki.coldbox.org/wiki/TestBox.cfm",
	"repository"		: { "type" : "git", "url" : "https://github.com/Ortus-Solutions/TestBox" },
	"bugs"				: "https://ortussolutions.atlassian.net/browse/TESTBOX",
	"shortDescription"	: "A BDD and xUnit testing framework",
	"engines"			: [
		{ "type" : "railo", "version" : ">4.1" },
		{ "type" : "adobe", "version" : ">9" }
	],
	"license"			: [ 
		{ "type" : "Apache2", "url" : "http://www.apache.org/licenses/LICENSE-2.0.html" } 
	],
	"contributors"		: [
		"Brad Wood <bdw429s@gmail.com>", "Curt Gratz <gratz@computerknowhow.com>"
	],
	"ignore"			: [],
	"testbox"			: {
		"runner" : [
			{ "cf10" 	: "http://cf10cboxdev.jfetmac/testbox/tests/runner.cfm" },
			{ "cf11" 	: "http://cf11cboxdev.jfetmac/testbox/tests/runner.cfm" },
			{ "railo" 	: "http://railocboxdev.jfetmac/testbox/tests/runner.cfm" }
		]
	}
}